1	123 Main Street	Anytown	The Hungry Hut	 A cozy family-owned restaurant offering a diverse menu of international cuisines. From sizzling steaks to mouthwatering pasta dishes, we have something to satisfy every craving
2	456 Elm Avenue	Townsville	Spice Fusion	Experience the vibrant flavors of India at Spice Fusion. Our talented chefs blend traditional Indian spices with a modern twist, creating a culinary journey that will delight your taste buds
3	789 Oak Lane	Metropolis	Seafood Paradise	Indulge in the freshest catch of the day at Seafood Paradise. With a prime waterfront location, our restaurant offers a wide selection of seafood delicacies, prepared with a touch of coastal flair
4	321 Maple Road	Riverside	Tandoori Delight	Step into a slice of Italy at La Bella Trattoria. Our charming trattoria-style restaurant serves authentic Italian dishes made from scratch using the finest ingredients. Buon appetito!
5	987 Pine Street	Lakeside	The Green Garden	Embrace healthy eating at The Green Garden. Our vegetarian and vegan-friendly restaurant showcases the best of plant-based cuisine, with colorful salads, hearty bowls, and nutritious smoothies.
6	555 Chestnut Avenue	Belleview	Curry House	The Savory Bistro offers an exquisite dining experience with a focus on seasonal, locally sourced ingredients. Our talented chefs create artful plates that blend flavors from around the world, ensuring a memorable culinary adventure
7	222 Walnut Street	Harborview	Saffron Sizzlers	Sushi Haven invites you to savor the art of Japanese cuisine. Our skilled sushi chefs meticulously craft an array of fresh sushi rolls, sashimi, and delectable tempura, all served in a modern and elegant setting
8	777 Oakwood Drive	Summitville	Fireside Grill & Bar	Set against a rustic backdrop, Fireside Grill & Bar is the perfect spot for a cozy meal. Our menu features hearty grilled favorites, signature cocktails, and a warm ambiance that will make you feel right at home
